CREATE DATABASE  IF NOT EXISTS `academic_db` /*!40100 DEFAULT CHARACTER SET utf8mb4 COLLATE utf8mb4_0900_ai_ci */ /*!80016 DEFAULT ENCRYPTION='N' */;
USE `academic_db`;
-- MySQL dump 10.13  Distrib 8.0.43, for Win64 (x86_64)
--
-- Host: localhost    Database: academic_db
-- ------------------------------------------------------
-- Server version	8.0.43

/*!40101 SET @OLD_CHARACTER_SET_CLIENT=@@CHARACTER_SET_CLIENT */;
/*!40101 SET @OLD_CHARACTER_SET_RESULTS=@@CHARACTER_SET_RESULTS */;
/*!40101 SET @OLD_COLLATION_CONNECTION=@@COLLATION_CONNECTION */;
/*!50503 SET NAMES utf8 */;
/*!40103 SET @OLD_TIME_ZONE=@@TIME_ZONE */;
/*!40103 SET TIME_ZONE='+00:00' */;
/*!40014 SET @OLD_UNIQUE_CHECKS=@@UNIQUE_CHECKS, UNIQUE_CHECKS=0 */;
/*!40014 SET @OLD_FOREIGN_KEY_CHECKS=@@FOREIGN_KEY_CHECKS, FOREIGN_KEY_CHECKS=0 */;
/*!40101 SET @OLD_SQL_MODE=@@SQL_MODE, SQL_MODE='NO_AUTO_VALUE_ON_ZERO' */;
/*!40111 SET @OLD_SQL_NOTES=@@SQL_NOTES, SQL_NOTES=0 */;

--
-- Table structure for table `batch_course_subjects`
--

DROP TABLE IF EXISTS `batch_course_subjects`;
/*!40101 SET @saved_cs_client     = @@character_set_client */;
/*!50503 SET character_set_client = utf8mb4 */;
CREATE TABLE `batch_course_subjects` (
  `batch_course_subject_id` bigint NOT NULL AUTO_INCREMENT,
  `batch_course_id` bigint NOT NULL,
  `subject_id` bigint NOT NULL,
  `created_at` timestamp NOT NULL DEFAULT CURRENT_TIMESTAMP,
  PRIMARY KEY (`batch_course_subject_id`),
  UNIQUE KEY `uq_batch_course_subject` (`batch_course_id`,`subject_id`),
  KEY `idx_batch_course_id` (`batch_course_id`),
  KEY `idx_subject_id` (`subject_id`),
  CONSTRAINT `fk_bcs_batch_course` FOREIGN KEY (`batch_course_id`) REFERENCES `batch_courses` (`batch_course_id`) ON DELETE CASCADE ON UPDATE CASCADE,
  CONSTRAINT `fk_bcs_subject` FOREIGN KEY (`subject_id`) REFERENCES `subjects` (`subject_id`) ON DELETE CASCADE ON UPDATE CASCADE
) ENGINE=InnoDB AUTO_INCREMENT=95 DEFAULT CHARSET=utf8mb4 COLLATE=utf8mb4_0900_ai_ci;
/*!40101 SET character_set_client = @saved_cs_client */;

--
-- Dumping data for table `batch_course_subjects`
--

LOCK TABLES `batch_course_subjects` WRITE;
/*!40000 ALTER TABLE `batch_course_subjects` DISABLE KEYS */;
INSERT INTO `batch_course_subjects` VALUES (1,1,1,'2026-02-01 16:40:49'),(2,1,2,'2026-02-01 16:40:49'),(3,1,3,'2026-02-01 16:40:49'),(4,1,4,'2026-02-01 16:40:49'),(5,1,5,'2026-02-01 16:40:49'),(6,1,6,'2026-02-01 16:40:49'),(7,1,7,'2026-02-01 16:40:49'),(8,1,8,'2026-02-01 16:40:49'),(9,2,9,'2026-02-01 16:40:49'),(10,2,10,'2026-02-01 16:40:49'),(11,2,11,'2026-02-01 16:40:49'),(12,2,12,'2026-02-01 16:40:49'),(13,2,13,'2026-02-01 16:40:49'),(14,2,14,'2026-02-01 16:40:49'),(15,2,15,'2026-02-01 16:40:49'),(16,2,16,'2026-02-01 16:40:49'),(17,3,17,'2026-02-01 16:40:49'),(18,3,18,'2026-02-01 16:40:49'),(19,3,19,'2026-02-01 16:40:49'),(20,3,20,'2026-02-01 16:40:49'),(21,3,21,'2026-02-01 16:40:49'),(22,3,22,'2026-02-01 16:40:49'),(23,3,23,'2026-02-01 16:40:49'),(24,3,24,'2026-02-01 16:40:49'),(25,4,25,'2026-02-01 16:40:49'),(26,4,26,'2026-02-01 16:40:49'),(27,4,27,'2026-02-01 16:40:49'),(28,4,28,'2026-02-01 16:40:49'),(29,4,29,'2026-02-01 16:40:49'),(30,4,30,'2026-02-01 16:40:49'),(31,4,31,'2026-02-01 16:40:49'),(32,5,32,'2026-02-01 16:40:49'),(33,5,33,'2026-02-01 16:40:49'),(34,5,34,'2026-02-01 16:40:49'),(35,5,35,'2026-02-01 16:40:49'),(36,5,36,'2026-02-01 16:40:49'),(37,5,37,'2026-02-01 16:40:49'),(38,5,38,'2026-02-01 16:40:49'),(39,5,39,'2026-02-01 16:40:49'),(40,5,40,'2026-02-01 16:40:49'),(41,6,41,'2026-02-01 16:40:49'),(42,6,42,'2026-02-01 16:40:49'),(43,6,43,'2026-02-01 16:40:49'),(44,6,44,'2026-02-01 16:40:49'),(45,6,45,'2026-02-01 16:40:49'),(46,6,46,'2026-02-01 16:40:49'),(47,6,48,'2026-02-01 16:40:49'),(48,7,1,'2026-02-01 16:40:49'),(49,7,2,'2026-02-01 16:40:49'),(50,7,3,'2026-02-01 16:40:49'),(51,7,4,'2026-02-01 16:40:49'),(52,7,5,'2026-02-01 16:40:49'),(53,7,6,'2026-02-01 16:40:49'),(54,7,7,'2026-02-01 16:40:49'),(55,7,8,'2026-02-01 16:40:49'),(56,8,9,'2026-02-01 16:40:49'),(57,8,10,'2026-02-01 16:40:49'),(58,8,11,'2026-02-01 16:40:49'),(59,8,12,'2026-02-01 16:40:49'),(60,8,13,'2026-02-01 16:40:49'),(61,8,14,'2026-02-01 16:40:49'),(62,8,15,'2026-02-01 16:40:49'),(63,8,16,'2026-02-01 16:40:49'),(64,9,17,'2026-02-01 16:40:49'),(65,9,18,'2026-02-01 16:40:49'),(66,9,19,'2026-02-01 16:40:49'),(67,9,20,'2026-02-01 16:40:49'),(68,9,21,'2026-02-01 16:40:49'),(69,9,22,'2026-02-01 16:40:49'),(70,9,23,'2026-02-01 16:40:49'),(71,9,24,'2026-02-01 16:40:49'),(72,10,25,'2026-02-01 16:40:49'),(73,10,26,'2026-02-01 16:40:49'),(74,10,27,'2026-02-01 16:40:49'),(75,10,28,'2026-02-01 16:40:49'),(76,10,29,'2026-02-01 16:40:49'),(77,10,30,'2026-02-01 16:40:49'),(78,10,31,'2026-02-01 16:40:49'),(79,11,32,'2026-02-01 16:40:49'),(80,11,33,'2026-02-01 16:40:49'),(81,11,34,'2026-02-01 16:40:49'),(82,11,35,'2026-02-01 16:40:49'),(83,11,36,'2026-02-01 16:40:49'),(84,11,37,'2026-02-01 16:40:49'),(85,11,38,'2026-02-01 16:40:49'),(86,11,39,'2026-02-01 16:40:49'),(87,11,40,'2026-02-01 16:40:49'),(88,12,41,'2026-02-01 16:40:49'),(89,12,42,'2026-02-01 16:40:49'),(90,12,43,'2026-02-01 16:40:49'),(91,12,44,'2026-02-01 16:40:49'),(92,12,45,'2026-02-01 16:40:49'),(93,12,46,'2026-02-01 16:40:49'),(94,12,48,'2026-02-01 16:40:49');
/*!40000 ALTER TABLE `batch_course_subjects` ENABLE KEYS */;
UNLOCK TABLES;

--
-- Table structure for table `batch_courses`
--

DROP TABLE IF EXISTS `batch_courses`;
/*!40101 SET @saved_cs_client     = @@character_set_client */;
/*!50503 SET character_set_client = utf8mb4 */;
CREATE TABLE `batch_courses` (
  `batch_course_id` bigint NOT NULL AUTO_INCREMENT,
  `batch_id` bigint NOT NULL,
  `course_id` bigint NOT NULL,
  `start_date` date NOT NULL,
  `end_date` date NOT NULL,
  `created_at` timestamp NOT NULL DEFAULT CURRENT_TIMESTAMP,
  PRIMARY KEY (`batch_course_id`),
  UNIQUE KEY `uq_batch_course` (`batch_id`,`course_id`),
  KEY `idx_batch_id` (`batch_id`),
  KEY `idx_course_id` (`course_id`),
  CONSTRAINT `fk_batch_courses_batch` FOREIGN KEY (`batch_id`) REFERENCES `batches` (`batch_id`) ON DELETE CASCADE ON UPDATE CASCADE,
  CONSTRAINT `fk_batch_courses_course` FOREIGN KEY (`course_id`) REFERENCES `courses` (`course_id`) ON DELETE CASCADE ON UPDATE CASCADE
) ENGINE=InnoDB AUTO_INCREMENT=13 DEFAULT CHARSET=utf8mb4 COLLATE=utf8mb4_0900_ai_ci;
/*!40101 SET character_set_client = @saved_cs_client */;

--
-- Dumping data for table `batch_courses`
--

LOCK TABLES `batch_courses` WRITE;
/*!40000 ALTER TABLE `batch_courses` DISABLE KEYS */;
INSERT INTO `batch_courses` VALUES (1,2502,40120,'2025-02-04','2025-08-22','2026-02-01 16:40:49'),(2,2502,40220,'2025-02-04','2025-08-22','2026-02-01 16:40:49'),(3,2502,40320,'2025-02-04','2025-08-22','2026-02-01 16:40:49'),(4,2502,40420,'2025-02-04','2025-08-22','2026-02-01 16:40:49'),(5,2502,40520,'2025-02-04','2025-08-22','2026-02-01 16:40:49'),(6,2502,40620,'2025-02-04','2025-08-22','2026-02-01 16:40:49'),(7,2508,40120,'2025-08-22','2026-02-04','2026-02-01 16:40:49'),(8,2508,40220,'2025-08-22','2026-02-04','2026-02-01 16:40:49'),(9,2508,40320,'2025-08-22','2026-02-04','2026-02-01 16:40:49'),(10,2508,40420,'2025-08-22','2026-02-04','2026-02-01 16:40:49'),(11,2508,40520,'2025-08-22','2026-02-04','2026-02-01 16:40:49'),(12,2508,40620,'2025-08-22','2026-02-04','2026-02-01 16:40:49');
/*!40000 ALTER TABLE `batch_courses` ENABLE KEYS */;
UNLOCK TABLES;

--
-- Table structure for table `batches`
--

DROP TABLE IF EXISTS `batches`;
/*!40101 SET @saved_cs_client     = @@character_set_client */;
/*!50503 SET character_set_client = utf8mb4 */;
CREATE TABLE `batches` (
  `batch_id` bigint NOT NULL AUTO_INCREMENT,
  `batch_name` varchar(100) NOT NULL,
  `start_date` date NOT NULL,
  `end_date` date NOT NULL,
  `status` enum('UPCOMING','ACTIVE','COMPLETED') NOT NULL DEFAULT 'UPCOMING',
  `description` text,
  `created_at` timestamp NOT NULL DEFAULT CURRENT_TIMESTAMP,
  `updated_at` timestamp NOT NULL DEFAULT CURRENT_TIMESTAMP ON UPDATE CURRENT_TIMESTAMP,
  PRIMARY KEY (`batch_id`),
  UNIQUE KEY `batch_name` (`batch_name`),
  KEY `idx_batch_name` (`batch_name`),
  KEY `idx_status` (`status`),
  CONSTRAINT `chk_batch_dates` CHECK ((`end_date` > `start_date`))
) ENGINE=InnoDB AUTO_INCREMENT=2509 DEFAULT CHARSET=utf8mb4 COLLATE=utf8mb4_0900_ai_ci;
/*!40101 SET character_set_client = @saved_cs_client */;

--
-- Dumping data for table `batches`
--

LOCK TABLES `batches` WRITE;
/*!40000 ALTER TABLE `batches` DISABLE KEYS */;
INSERT INTO `batches` VALUES (2502,'FEB_2025','2025-02-04','2025-08-22','COMPLETED','February 2025 batch','2026-02-01 16:40:49','2026-02-01 16:40:49'),(2508,'AUG_2025','2025-08-22','2026-02-04','ACTIVE','August 2025 batch','2026-02-01 16:40:49','2026-02-01 16:40:49');
/*!40000 ALTER TABLE `batches` ENABLE KEYS */;
UNLOCK TABLES;

--
-- Table structure for table `courses`
--

DROP TABLE IF EXISTS `courses`;
/*!40101 SET @saved_cs_client     = @@character_set_client */;
/*!50503 SET character_set_client = utf8mb4 */;
CREATE TABLE `courses` (
  `course_id` bigint NOT NULL AUTO_INCREMENT,
  `course_code` varchar(50) NOT NULL,
  `course_name` varchar(200) NOT NULL,
  `duration_months` int NOT NULL,
  `status` enum('ACTIVE','INACTIVE') NOT NULL DEFAULT 'ACTIVE',
  `created_at` timestamp NOT NULL DEFAULT CURRENT_TIMESTAMP,
  `updated_at` timestamp NOT NULL DEFAULT CURRENT_TIMESTAMP ON UPDATE CURRENT_TIMESTAMP,
  PRIMARY KEY (`course_id`),
  UNIQUE KEY `course_code` (`course_code`),
  KEY `idx_course_code` (`course_code`)
) ENGINE=InnoDB AUTO_INCREMENT=40621 DEFAULT CHARSET=utf8mb4 COLLATE=utf8mb4_0900_ai_ci;
/*!40101 SET character_set_client = @saved_cs_client */;

--
-- Dumping data for table `courses`
--

LOCK TABLES `courses` WRITE;
/*!40000 ALTER TABLE `courses` DISABLE KEYS */;
INSERT INTO `courses` VALUES (40120,'PG-DAC','PG Diploma in Advanced Computing',6,'ACTIVE','2026-02-01 16:40:49','2026-02-01 16:40:49'),(40220,'PG-DBDA','PG Diploma in Big Data Analytics',6,'ACTIVE','2026-02-01 16:40:49','2026-02-01 16:40:49'),(40320,'PG-DAI','PG Diploma in Aritificial Intelligence',6,'ACTIVE','2026-02-01 16:40:49','2026-02-01 16:40:49'),(40420,'PG-DESD','PG Diploma in Embedded System Design',6,'ACTIVE','2026-02-01 16:40:49','2026-02-01 16:40:49'),(40520,'PG-DITISS','PG Diploma in IT Infrastructure, Systems and Security',6,'ACTIVE','2026-02-01 16:40:49','2026-02-01 16:40:49'),(40620,'PG-DVLSI','PG Diploma in VLSI Design',6,'ACTIVE','2026-02-01 16:40:49','2026-02-01 16:40:49');
/*!40000 ALTER TABLE `courses` ENABLE KEYS */;
UNLOCK TABLES;

--
-- Table structure for table `faculty_assignments`
--

DROP TABLE IF EXISTS `faculty_assignments`;
/*!40101 SET @saved_cs_client     = @@character_set_client */;
/*!50503 SET character_set_client = utf8mb4 */;
CREATE TABLE `faculty_assignments` (
  `assignment_id` bigint NOT NULL AUTO_INCREMENT,
  `user_id` bigint NOT NULL,
  `batch_course_subject_id` bigint NOT NULL,
  `assigned_date` date NOT NULL DEFAULT (curdate()),
  `status` enum('ACTIVE','INACTIVE') NOT NULL DEFAULT 'ACTIVE',
  `created_at` timestamp NOT NULL DEFAULT CURRENT_TIMESTAMP,
  PRIMARY KEY (`assignment_id`),
  UNIQUE KEY `uq_faculty_bcs` (`user_id`,`batch_course_subject_id`),
  KEY `idx_user_id` (`user_id`),
  KEY `idx_batch_course_subject_id` (`batch_course_subject_id`),
  CONSTRAINT `fk_fa_batch_course_subject` FOREIGN KEY (`batch_course_subject_id`) REFERENCES `batch_course_subjects` (`batch_course_subject_id`) ON DELETE CASCADE ON UPDATE CASCADE
) ENGINE=InnoDB AUTO_INCREMENT=128 DEFAULT CHARSET=utf8mb4 COLLATE=utf8mb4_0900_ai_ci;
/*!40101 SET character_set_client = @saved_cs_client */;

--
-- Dumping data for table `faculty_assignments`
--

LOCK TABLES `faculty_assignments` WRITE;
/*!40000 ALTER TABLE `faculty_assignments` DISABLE KEYS */;
INSERT INTO `faculty_assignments` VALUES (1,2,1,'2026-02-01','ACTIVE','2026-02-01 16:40:49'),(2,3,2,'2026-02-01','ACTIVE','2026-02-01 16:40:49'),(3,4,3,'2026-02-01','ACTIVE','2026-02-01 16:40:49'),(4,5,4,'2026-02-01','ACTIVE','2026-02-01 16:40:49'),(5,6,5,'2026-02-01','ACTIVE','2026-02-01 16:40:49'),(6,7,6,'2026-02-01','ACTIVE','2026-02-01 16:40:49'),(7,8,7,'2026-02-01','ACTIVE','2026-02-01 16:40:49'),(8,9,8,'2026-02-01','ACTIVE','2026-02-01 16:40:49'),(9,10,9,'2026-02-01','ACTIVE','2026-02-01 16:40:49'),(10,11,10,'2026-02-01','ACTIVE','2026-02-01 16:40:49'),(11,12,11,'2026-02-01','ACTIVE','2026-02-01 16:40:49'),(12,13,12,'2026-02-01','ACTIVE','2026-02-01 16:40:49'),(13,14,13,'2026-02-01','ACTIVE','2026-02-01 16:40:49'),(14,15,14,'2026-02-01','ACTIVE','2026-02-01 16:40:49'),(15,16,15,'2026-02-01','ACTIVE','2026-02-01 16:40:49'),(16,17,16,'2026-02-01','ACTIVE','2026-02-01 16:40:49'),(17,18,17,'2026-02-01','ACTIVE','2026-02-01 16:40:49'),(18,19,18,'2026-02-01','ACTIVE','2026-02-01 16:40:49'),(19,20,19,'2026-02-01','ACTIVE','2026-02-01 16:40:49'),(20,21,20,'2026-02-01','ACTIVE','2026-02-01 16:40:49'),(21,22,21,'2026-02-01','ACTIVE','2026-02-01 16:40:49'),(22,23,22,'2026-02-01','ACTIVE','2026-02-01 16:40:49'),(23,24,23,'2026-02-01','ACTIVE','2026-02-01 16:40:49'),(24,25,24,'2026-02-01','ACTIVE','2026-02-01 16:40:49'),(25,26,25,'2026-02-01','ACTIVE','2026-02-01 16:40:49'),(26,27,26,'2026-02-01','ACTIVE','2026-02-01 16:40:49'),(27,28,27,'2026-02-01','ACTIVE','2026-02-01 16:40:49'),(28,29,28,'2026-02-01','ACTIVE','2026-02-01 16:40:49'),(29,30,29,'2026-02-01','ACTIVE','2026-02-01 16:40:49'),(30,31,30,'2026-02-01','ACTIVE','2026-02-01 16:40:49'),(31,32,31,'2026-02-01','ACTIVE','2026-02-01 16:40:49'),(32,33,32,'2026-02-01','ACTIVE','2026-02-01 16:40:49'),(33,34,33,'2026-02-01','ACTIVE','2026-02-01 16:40:49'),(34,35,34,'2026-02-01','ACTIVE','2026-02-01 16:40:49'),(35,36,35,'2026-02-01','ACTIVE','2026-02-01 16:40:49'),(36,37,36,'2026-02-01','ACTIVE','2026-02-01 16:40:49'),(37,38,37,'2026-02-01','ACTIVE','2026-02-01 16:40:49'),(38,39,38,'2026-02-01','ACTIVE','2026-02-01 16:40:49'),(39,40,39,'2026-02-01','ACTIVE','2026-02-01 16:40:49'),(40,41,40,'2026-02-01','ACTIVE','2026-02-01 16:40:49'),(41,2,41,'2026-02-01','ACTIVE','2026-02-01 16:40:49'),(42,3,42,'2026-02-01','ACTIVE','2026-02-01 16:40:49'),(43,4,43,'2026-02-01','ACTIVE','2026-02-01 16:40:49'),(44,5,44,'2026-02-01','ACTIVE','2026-02-01 16:40:49'),(45,6,45,'2026-02-01','ACTIVE','2026-02-01 16:40:49'),(46,7,46,'2026-02-01','ACTIVE','2026-02-01 16:40:49'),(47,8,47,'2026-02-01','ACTIVE','2026-02-01 16:40:49'),(48,9,48,'2026-02-01','ACTIVE','2026-02-01 16:40:49'),(49,10,49,'2026-02-01','ACTIVE','2026-02-01 16:40:49'),(50,11,50,'2026-02-01','ACTIVE','2026-02-01 16:40:49'),(51,12,51,'2026-02-01','ACTIVE','2026-02-01 16:40:49'),(52,13,52,'2026-02-01','ACTIVE','2026-02-01 16:40:49'),(53,14,53,'2026-02-01','ACTIVE','2026-02-01 16:40:49'),(54,15,54,'2026-02-01','ACTIVE','2026-02-01 16:40:49'),(55,16,55,'2026-02-01','ACTIVE','2026-02-01 16:40:49'),(56,17,56,'2026-02-01','ACTIVE','2026-02-01 16:40:49'),(57,18,57,'2026-02-01','ACTIVE','2026-02-01 16:40:49'),(58,19,58,'2026-02-01','ACTIVE','2026-02-01 16:40:49'),(59,20,59,'2026-02-01','ACTIVE','2026-02-01 16:40:49'),(60,21,60,'2026-02-01','ACTIVE','2026-02-01 16:40:49'),(61,22,61,'2026-02-01','ACTIVE','2026-02-01 16:40:49'),(62,23,62,'2026-02-01','ACTIVE','2026-02-01 16:40:49'),(63,24,63,'2026-02-01','ACTIVE','2026-02-01 16:40:49'),(64,25,64,'2026-02-01','ACTIVE','2026-02-01 16:40:49'),(65,26,65,'2026-02-01','ACTIVE','2026-02-01 16:40:49'),(66,27,66,'2026-02-01','ACTIVE','2026-02-01 16:40:49'),(67,28,67,'2026-02-01','ACTIVE','2026-02-01 16:40:49'),(68,29,68,'2026-02-01','ACTIVE','2026-02-01 16:40:49'),(69,30,69,'2026-02-01','ACTIVE','2026-02-01 16:40:49'),(70,31,70,'2026-02-01','ACTIVE','2026-02-01 16:40:49'),(71,32,71,'2026-02-01','ACTIVE','2026-02-01 16:40:49'),(72,33,72,'2026-02-01','ACTIVE','2026-02-01 16:40:49'),(73,34,73,'2026-02-01','ACTIVE','2026-02-01 16:40:49'),(74,35,74,'2026-02-01','ACTIVE','2026-02-01 16:40:49'),(75,36,75,'2026-02-01','ACTIVE','2026-02-01 16:40:49'),(76,37,76,'2026-02-01','ACTIVE','2026-02-01 16:40:49'),(77,38,77,'2026-02-01','ACTIVE','2026-02-01 16:40:49'),(78,39,78,'2026-02-01','ACTIVE','2026-02-01 16:40:49'),(79,40,79,'2026-02-01','ACTIVE','2026-02-01 16:40:49'),(80,41,80,'2026-02-01','ACTIVE','2026-02-01 16:40:49'),(81,2,81,'2026-02-01','ACTIVE','2026-02-01 16:40:49'),(82,3,82,'2026-02-01','ACTIVE','2026-02-01 16:40:49'),(83,4,83,'2026-02-01','ACTIVE','2026-02-01 16:40:49'),(84,5,84,'2026-02-01','ACTIVE','2026-02-01 16:40:49'),(85,6,85,'2026-02-01','ACTIVE','2026-02-01 16:40:49'),(86,7,86,'2026-02-01','ACTIVE','2026-02-01 16:40:49'),(87,8,87,'2026-02-01','ACTIVE','2026-02-01 16:40:49'),(88,9,88,'2026-02-01','ACTIVE','2026-02-01 16:40:49'),(89,10,89,'2026-02-01','ACTIVE','2026-02-01 16:40:49'),(90,11,90,'2026-02-01','ACTIVE','2026-02-01 16:40:49'),(91,12,91,'2026-02-01','ACTIVE','2026-02-01 16:40:49'),(92,13,92,'2026-02-01','ACTIVE','2026-02-01 16:40:49'),(93,14,93,'2026-02-01','ACTIVE','2026-02-01 16:40:49'),(94,15,94,'2026-02-01','ACTIVE','2026-02-01 16:40:49');
/*!40000 ALTER TABLE `faculty_assignments` ENABLE KEYS */;
UNLOCK TABLES;

--
-- Table structure for table `student_enrollments`
--

DROP TABLE IF EXISTS `student_enrollments`;
/*!40101 SET @saved_cs_client     = @@character_set_client */;
/*!50503 SET character_set_client = utf8mb4 */;
CREATE TABLE `student_enrollments` (
  `enrollment_id` bigint NOT NULL AUTO_INCREMENT,
  `user_id` bigint NOT NULL,
  `batch_course_id` bigint NOT NULL,
  `enrollment_date` date NOT NULL DEFAULT (curdate()),
  `status` enum('ACTIVE','INACTIVE','COMPLETED') NOT NULL DEFAULT 'ACTIVE',
  `created_at` timestamp NOT NULL DEFAULT CURRENT_TIMESTAMP,
  PRIMARY KEY (`enrollment_id`),
  UNIQUE KEY `uq_user_batch_course` (`user_id`,`batch_course_id`),
  KEY `idx_user_id` (`user_id`),
  KEY `idx_batch_course_id` (`batch_course_id`),
  KEY `idx_status` (`status`),
  CONSTRAINT `fk_enrollments_batch_course` FOREIGN KEY (`batch_course_id`) REFERENCES `batch_courses` (`batch_course_id`) ON DELETE RESTRICT ON UPDATE CASCADE
) ENGINE=InnoDB AUTO_INCREMENT=512 DEFAULT CHARSET=utf8mb4 COLLATE=utf8mb4_0900_ai_ci;
/*!40101 SET character_set_client = @saved_cs_client */;

--
-- Dumping data for table `student_enrollments`
--

LOCK TABLES `student_enrollments` WRITE;
/*!40000 ALTER TABLE `student_enrollments` DISABLE KEYS */;
INSERT INTO `student_enrollments` VALUES (1,42,7,'2026-02-01','ACTIVE','2026-02-01 16:46:53'),(2,43,7,'2026-02-01','ACTIVE','2026-02-01 16:46:53'),(3,44,7,'2026-02-01','ACTIVE','2026-02-01 16:46:53'),(4,45,7,'2026-02-01','ACTIVE','2026-02-01 16:46:53'),(5,46,7,'2026-02-01','ACTIVE','2026-02-01 16:46:53'),(6,47,7,'2026-02-01','ACTIVE','2026-02-01 16:46:53'),(7,48,7,'2026-02-01','ACTIVE','2026-02-01 16:46:53'),(8,49,7,'2026-02-01','ACTIVE','2026-02-01 16:46:53'),(9,50,7,'2026-02-01','ACTIVE','2026-02-01 16:46:53'),(10,51,7,'2026-02-01','ACTIVE','2026-02-01 16:46:53'),(11,52,7,'2026-02-01','ACTIVE','2026-02-01 16:46:53'),(12,53,7,'2026-02-01','ACTIVE','2026-02-01 16:46:53'),(13,54,7,'2026-02-01','ACTIVE','2026-02-01 16:46:53'),(14,55,7,'2026-02-01','ACTIVE','2026-02-01 16:46:53'),(15,56,7,'2026-02-01','ACTIVE','2026-02-01 16:46:53'),(16,57,7,'2026-02-01','ACTIVE','2026-02-01 16:46:53'),(17,58,7,'2026-02-01','ACTIVE','2026-02-01 16:46:53'),(18,59,7,'2026-02-01','ACTIVE','2026-02-01 16:46:53'),(19,60,7,'2026-02-01','ACTIVE','2026-02-01 16:46:53'),(20,61,7,'2026-02-01','ACTIVE','2026-02-01 16:46:53'),(21,62,7,'2026-02-01','ACTIVE','2026-02-01 16:46:53'),(22,63,7,'2026-02-01','ACTIVE','2026-02-01 16:46:53'),(23,64,7,'2026-02-01','ACTIVE','2026-02-01 16:46:53'),(24,65,7,'2026-02-01','ACTIVE','2026-02-01 16:46:53'),(25,66,7,'2026-02-01','ACTIVE','2026-02-01 16:46:53'),(26,67,7,'2026-02-01','ACTIVE','2026-02-01 16:46:53'),(27,68,7,'2026-02-01','ACTIVE','2026-02-01 16:46:53'),(28,69,7,'2026-02-01','ACTIVE','2026-02-01 16:46:53'),(29,70,7,'2026-02-01','ACTIVE','2026-02-01 16:46:53'),(30,71,7,'2026-02-01','ACTIVE','2026-02-01 16:46:53'),(31,72,7,'2026-02-01','ACTIVE','2026-02-01 16:46:53'),(32,73,7,'2026-02-01','ACTIVE','2026-02-01 16:46:53'),(33,74,7,'2026-02-01','ACTIVE','2026-02-01 16:46:53'),(34,75,7,'2026-02-01','ACTIVE','2026-02-01 16:46:53'),(35,76,7,'2026-02-01','ACTIVE','2026-02-01 16:46:53'),(36,77,7,'2026-02-01','ACTIVE','2026-02-01 16:46:53'),(37,78,7,'2026-02-01','ACTIVE','2026-02-01 16:46:53'),(38,79,7,'2026-02-01','ACTIVE','2026-02-01 16:46:53'),(39,80,7,'2026-02-01','ACTIVE','2026-02-01 16:46:53'),(40,81,7,'2026-02-01','ACTIVE','2026-02-01 16:46:53'),(41,82,7,'2026-02-01','ACTIVE','2026-02-01 16:46:53'),(42,83,7,'2026-02-01','ACTIVE','2026-02-01 16:46:53'),(43,84,7,'2026-02-01','ACTIVE','2026-02-01 16:46:53'),(44,85,7,'2026-02-01','ACTIVE','2026-02-01 16:46:53'),(45,86,7,'2026-02-01','ACTIVE','2026-02-01 16:46:53'),(46,87,7,'2026-02-01','ACTIVE','2026-02-01 16:46:53'),(47,88,7,'2026-02-01','ACTIVE','2026-02-01 16:46:53'),(48,89,7,'2026-02-01','ACTIVE','2026-02-01 16:46:53'),(49,90,7,'2026-02-01','ACTIVE','2026-02-01 16:46:53'),(50,91,7,'2026-02-01','ACTIVE','2026-02-01 16:46:53'),(51,92,7,'2026-02-01','ACTIVE','2026-02-01 16:46:53'),(52,93,7,'2026-02-01','ACTIVE','2026-02-01 16:46:53'),(53,94,7,'2026-02-01','ACTIVE','2026-02-01 16:46:53'),(54,95,7,'2026-02-01','ACTIVE','2026-02-01 16:46:53'),(55,96,7,'2026-02-01','ACTIVE','2026-02-01 16:46:53'),(56,97,7,'2026-02-01','ACTIVE','2026-02-01 16:46:53'),(57,98,7,'2026-02-01','ACTIVE','2026-02-01 16:46:53'),(58,99,7,'2026-02-01','ACTIVE','2026-02-01 16:46:53'),(59,100,7,'2026-02-01','ACTIVE','2026-02-01 16:46:53'),(60,101,7,'2026-02-01','ACTIVE','2026-02-01 16:46:53'),(61,102,7,'2026-02-01','ACTIVE','2026-02-01 16:46:53'),(62,103,7,'2026-02-01','ACTIVE','2026-02-01 16:46:53'),(63,104,7,'2026-02-01','ACTIVE','2026-02-01 16:46:53'),(64,105,7,'2026-02-01','ACTIVE','2026-02-01 16:46:53'),(65,106,7,'2026-02-01','ACTIVE','2026-02-01 16:46:53'),(66,107,7,'2026-02-01','ACTIVE','2026-02-01 16:46:53'),(67,108,7,'2026-02-01','ACTIVE','2026-02-01 16:46:53'),(68,109,7,'2026-02-01','ACTIVE','2026-02-01 16:46:53'),(69,110,7,'2026-02-01','ACTIVE','2026-02-01 16:46:53'),(70,111,7,'2026-02-01','ACTIVE','2026-02-01 16:46:53'),(71,112,7,'2026-02-01','ACTIVE','2026-02-01 16:46:53'),(72,113,7,'2026-02-01','ACTIVE','2026-02-01 16:46:53'),(73,114,7,'2026-02-01','ACTIVE','2026-02-01 16:46:53'),(74,115,7,'2026-02-01','ACTIVE','2026-02-01 16:46:53'),(75,116,7,'2026-02-01','ACTIVE','2026-02-01 16:46:53'),(76,117,7,'2026-02-01','ACTIVE','2026-02-01 16:46:53'),(77,118,7,'2026-02-01','ACTIVE','2026-02-01 16:46:53'),(78,119,7,'2026-02-01','ACTIVE','2026-02-01 16:46:53'),(79,120,7,'2026-02-01','ACTIVE','2026-02-01 16:46:53'),(80,121,7,'2026-02-01','ACTIVE','2026-02-01 16:46:53'),(81,122,7,'2026-02-01','ACTIVE','2026-02-01 16:46:53'),(82,123,7,'2026-02-01','ACTIVE','2026-02-01 16:46:53'),(83,124,7,'2026-02-01','ACTIVE','2026-02-01 16:46:53'),(84,125,7,'2026-02-01','ACTIVE','2026-02-01 16:46:53'),(85,126,7,'2026-02-01','ACTIVE','2026-02-01 16:46:53'),(86,127,7,'2026-02-01','ACTIVE','2026-02-01 16:46:53'),(87,128,7,'2026-02-01','ACTIVE','2026-02-01 16:46:53'),(88,129,7,'2026-02-01','ACTIVE','2026-02-01 16:46:53'),(89,130,7,'2026-02-01','ACTIVE','2026-02-01 16:46:53'),(90,131,7,'2026-02-01','ACTIVE','2026-02-01 16:46:53'),(91,132,7,'2026-02-01','ACTIVE','2026-02-01 16:46:53'),(92,133,7,'2026-02-01','ACTIVE','2026-02-01 16:46:53'),(93,134,7,'2026-02-01','ACTIVE','2026-02-01 16:46:53'),(94,135,7,'2026-02-01','ACTIVE','2026-02-01 16:46:53'),(95,136,7,'2026-02-01','ACTIVE','2026-02-01 16:46:53'),(96,137,7,'2026-02-01','ACTIVE','2026-02-01 16:46:53'),(97,138,7,'2026-02-01','ACTIVE','2026-02-01 16:46:53'),(98,139,7,'2026-02-01','ACTIVE','2026-02-01 16:46:53'),(99,140,7,'2026-02-01','ACTIVE','2026-02-01 16:46:53'),(100,141,7,'2026-02-01','ACTIVE','2026-02-01 16:46:53'),(101,142,7,'2026-02-01','ACTIVE','2026-02-01 16:46:53'),(102,143,7,'2026-02-01','ACTIVE','2026-02-01 16:46:53'),(103,144,7,'2026-02-01','ACTIVE','2026-02-01 16:46:53'),(104,145,7,'2026-02-01','ACTIVE','2026-02-01 16:46:53'),(105,146,7,'2026-02-01','ACTIVE','2026-02-01 16:46:53'),(106,147,7,'2026-02-01','ACTIVE','2026-02-01 16:46:53'),(107,148,7,'2026-02-01','ACTIVE','2026-02-01 16:46:53'),(108,149,7,'2026-02-01','ACTIVE','2026-02-01 16:46:53'),(109,150,7,'2026-02-01','ACTIVE','2026-02-01 16:46:53'),(110,151,7,'2026-02-01','ACTIVE','2026-02-01 16:46:53'),(111,152,7,'2026-02-01','ACTIVE','2026-02-01 16:46:53'),(112,153,7,'2026-02-01','ACTIVE','2026-02-01 16:46:53'),(113,154,7,'2026-02-01','ACTIVE','2026-02-01 16:46:53'),(114,155,7,'2026-02-01','ACTIVE','2026-02-01 16:46:53'),(115,156,7,'2026-02-01','ACTIVE','2026-02-01 16:46:53'),(116,157,7,'2026-02-01','ACTIVE','2026-02-01 16:46:53'),(117,158,7,'2026-02-01','ACTIVE','2026-02-01 16:46:53'),(118,159,7,'2026-02-01','ACTIVE','2026-02-01 16:46:53'),(119,160,7,'2026-02-01','ACTIVE','2026-02-01 16:46:53'),(120,161,7,'2026-02-01','ACTIVE','2026-02-01 16:46:53'),(121,162,7,'2026-02-01','ACTIVE','2026-02-01 16:46:53'),(122,163,7,'2026-02-01','ACTIVE','2026-02-01 16:46:53'),(123,164,7,'2026-02-01','ACTIVE','2026-02-01 16:46:53'),(124,165,7,'2026-02-01','ACTIVE','2026-02-01 16:46:53'),(125,166,7,'2026-02-01','ACTIVE','2026-02-01 16:46:53'),(126,167,7,'2026-02-01','ACTIVE','2026-02-01 16:46:53'),(127,168,7,'2026-02-01','ACTIVE','2026-02-01 16:46:53'),(128,169,7,'2026-02-01','ACTIVE','2026-02-01 16:46:53'),(129,170,7,'2026-02-01','ACTIVE','2026-02-01 16:46:53'),(130,171,7,'2026-02-01','ACTIVE','2026-02-01 16:46:53'),(131,172,7,'2026-02-01','ACTIVE','2026-02-01 16:46:53'),(132,173,7,'2026-02-01','ACTIVE','2026-02-01 16:46:53'),(133,174,7,'2026-02-01','ACTIVE','2026-02-01 16:46:53'),(134,175,7,'2026-02-01','ACTIVE','2026-02-01 16:46:53'),(135,176,7,'2026-02-01','ACTIVE','2026-02-01 16:46:53'),(136,177,7,'2026-02-01','ACTIVE','2026-02-01 16:46:53'),(137,178,7,'2026-02-01','ACTIVE','2026-02-01 16:46:53'),(138,179,7,'2026-02-01','ACTIVE','2026-02-01 16:46:53'),(139,180,7,'2026-02-01','ACTIVE','2026-02-01 16:46:53'),(140,181,7,'2026-02-01','ACTIVE','2026-02-01 16:46:53'),(141,182,7,'2026-02-01','ACTIVE','2026-02-01 16:46:53'),(142,183,7,'2026-02-01','ACTIVE','2026-02-01 16:46:53'),(143,184,7,'2026-02-01','ACTIVE','2026-02-01 16:46:53'),(144,185,7,'2026-02-01','ACTIVE','2026-02-01 16:46:53'),(145,186,7,'2026-02-01','ACTIVE','2026-02-01 16:46:53'),(146,187,7,'2026-02-01','ACTIVE','2026-02-01 16:46:53'),(147,188,7,'2026-02-01','ACTIVE','2026-02-01 16:46:53'),(148,189,7,'2026-02-01','ACTIVE','2026-02-01 16:46:53'),(149,190,7,'2026-02-01','ACTIVE','2026-02-01 16:46:53'),(150,191,7,'2026-02-01','ACTIVE','2026-02-01 16:46:53'),(151,192,7,'2026-02-01','ACTIVE','2026-02-01 16:46:53'),(152,193,7,'2026-02-01','ACTIVE','2026-02-01 16:46:53'),(153,194,7,'2026-02-01','ACTIVE','2026-02-01 16:46:53'),(154,195,7,'2026-02-01','ACTIVE','2026-02-01 16:46:53'),(155,196,7,'2026-02-01','ACTIVE','2026-02-01 16:46:53'),(156,197,7,'2026-02-01','ACTIVE','2026-02-01 16:46:53'),(157,198,7,'2026-02-01','ACTIVE','2026-02-01 16:46:53'),(158,199,7,'2026-02-01','ACTIVE','2026-02-01 16:46:53'),(159,200,7,'2026-02-01','ACTIVE','2026-02-01 16:46:53'),(160,201,7,'2026-02-01','ACTIVE','2026-02-01 16:46:53'),(161,202,7,'2026-02-01','ACTIVE','2026-02-01 16:46:53'),(162,203,7,'2026-02-01','ACTIVE','2026-02-01 16:46:53'),(163,204,7,'2026-02-01','ACTIVE','2026-02-01 16:46:53'),(164,205,7,'2026-02-01','ACTIVE','2026-02-01 16:46:53'),(165,206,7,'2026-02-01','ACTIVE','2026-02-01 16:46:53'),(166,207,7,'2026-02-01','ACTIVE','2026-02-01 16:46:53'),(167,208,7,'2026-02-01','ACTIVE','2026-02-01 16:46:53'),(168,209,7,'2026-02-01','ACTIVE','2026-02-01 16:46:53'),(169,210,7,'2026-02-01','ACTIVE','2026-02-01 16:46:53'),(170,211,7,'2026-02-01','ACTIVE','2026-02-01 16:46:53'),(171,212,7,'2026-02-01','ACTIVE','2026-02-01 16:46:53'),(172,213,7,'2026-02-01','ACTIVE','2026-02-01 16:46:53'),(173,214,7,'2026-02-01','ACTIVE','2026-02-01 16:46:53'),(174,215,7,'2026-02-01','ACTIVE','2026-02-01 16:46:53'),(175,216,7,'2026-02-01','ACTIVE','2026-02-01 16:46:53'),(176,217,7,'2026-02-01','ACTIVE','2026-02-01 16:46:53'),(177,218,7,'2026-02-01','ACTIVE','2026-02-01 16:46:53'),(178,219,7,'2026-02-01','ACTIVE','2026-02-01 16:46:53'),(179,220,7,'2026-02-01','ACTIVE','2026-02-01 16:46:53'),(180,221,7,'2026-02-01','ACTIVE','2026-02-01 16:46:53'),(181,222,7,'2026-02-01','ACTIVE','2026-02-01 16:46:53'),(182,223,7,'2026-02-01','ACTIVE','2026-02-01 16:46:53'),(183,224,7,'2026-02-01','ACTIVE','2026-02-01 16:46:53'),(184,225,7,'2026-02-01','ACTIVE','2026-02-01 16:46:53'),(185,226,7,'2026-02-01','ACTIVE','2026-02-01 16:46:53'),(186,227,7,'2026-02-01','ACTIVE','2026-02-01 16:46:53'),(187,228,7,'2026-02-01','ACTIVE','2026-02-01 16:46:53'),(188,229,7,'2026-02-01','ACTIVE','2026-02-01 16:46:53'),(189,230,7,'2026-02-01','ACTIVE','2026-02-01 16:46:53'),(190,231,7,'2026-02-01','ACTIVE','2026-02-01 16:46:53'),(191,232,7,'2026-02-01','ACTIVE','2026-02-01 16:46:53'),(192,233,7,'2026-02-01','ACTIVE','2026-02-01 16:46:53'),(193,234,7,'2026-02-01','ACTIVE','2026-02-01 16:46:53'),(194,235,7,'2026-02-01','ACTIVE','2026-02-01 16:46:53'),(195,236,7,'2026-02-01','ACTIVE','2026-02-01 16:46:53'),(196,237,7,'2026-02-01','ACTIVE','2026-02-01 16:46:53'),(197,238,7,'2026-02-01','ACTIVE','2026-02-01 16:46:53'),(198,239,7,'2026-02-01','ACTIVE','2026-02-01 16:46:53'),(199,240,7,'2026-02-01','ACTIVE','2026-02-01 16:46:53'),(200,241,7,'2026-02-01','ACTIVE','2026-02-01 16:46:53'),(201,242,7,'2026-02-01','ACTIVE','2026-02-01 16:46:53'),(202,243,7,'2026-02-01','ACTIVE','2026-02-01 16:46:53'),(203,244,7,'2026-02-01','ACTIVE','2026-02-01 16:46:53'),(204,245,7,'2026-02-01','ACTIVE','2026-02-01 16:46:53'),(205,246,7,'2026-02-01','ACTIVE','2026-02-01 16:46:53'),(206,247,7,'2026-02-01','ACTIVE','2026-02-01 16:46:53'),(207,248,7,'2026-02-01','ACTIVE','2026-02-01 16:46:53'),(208,249,7,'2026-02-01','ACTIVE','2026-02-01 16:46:53'),(209,250,7,'2026-02-01','ACTIVE','2026-02-01 16:46:53'),(210,251,7,'2026-02-01','ACTIVE','2026-02-01 16:46:53'),(211,252,7,'2026-02-01','ACTIVE','2026-02-01 16:46:53'),(212,253,7,'2026-02-01','ACTIVE','2026-02-01 16:46:53'),(213,254,7,'2026-02-01','ACTIVE','2026-02-01 16:46:53'),(214,255,7,'2026-02-01','ACTIVE','2026-02-01 16:46:53'),(215,256,7,'2026-02-01','ACTIVE','2026-02-01 16:46:53'),(216,257,7,'2026-02-01','ACTIVE','2026-02-01 16:46:53'),(217,258,7,'2026-02-01','ACTIVE','2026-02-01 16:46:53'),(218,259,7,'2026-02-01','ACTIVE','2026-02-01 16:46:53'),(219,260,7,'2026-02-01','ACTIVE','2026-02-01 16:46:53'),(220,261,7,'2026-02-01','ACTIVE','2026-02-01 16:46:53'),(221,262,7,'2026-02-01','ACTIVE','2026-02-01 16:46:53'),(222,263,7,'2026-02-01','ACTIVE','2026-02-01 16:46:53'),(223,264,7,'2026-02-01','ACTIVE','2026-02-01 16:46:53'),(224,265,7,'2026-02-01','ACTIVE','2026-02-01 16:46:53'),(225,266,7,'2026-02-01','ACTIVE','2026-02-01 16:46:53'),(226,267,7,'2026-02-01','ACTIVE','2026-02-01 16:46:53'),(227,268,7,'2026-02-01','ACTIVE','2026-02-01 16:46:53'),(228,269,7,'2026-02-01','ACTIVE','2026-02-01 16:46:53'),(229,270,7,'2026-02-01','ACTIVE','2026-02-01 16:46:53'),(230,271,7,'2026-02-01','ACTIVE','2026-02-01 16:46:53'),(231,272,7,'2026-02-01','ACTIVE','2026-02-01 16:46:53'),(232,273,7,'2026-02-01','ACTIVE','2026-02-01 16:46:53'),(233,274,7,'2026-02-01','ACTIVE','2026-02-01 16:46:53'),(234,275,7,'2026-02-01','ACTIVE','2026-02-01 16:46:53'),(235,276,7,'2026-02-01','ACTIVE','2026-02-01 16:46:53'),(236,277,7,'2026-02-01','ACTIVE','2026-02-01 16:46:53'),(237,278,7,'2026-02-01','ACTIVE','2026-02-01 16:46:53'),(238,279,7,'2026-02-01','ACTIVE','2026-02-01 16:46:53'),(239,280,7,'2026-02-01','ACTIVE','2026-02-01 16:46:53'),(240,281,7,'2026-02-01','ACTIVE','2026-02-01 16:46:53'),(241,282,8,'2026-02-01','ACTIVE','2026-02-01 16:46:53'),(242,283,8,'2026-02-01','ACTIVE','2026-02-01 16:46:53'),(243,284,8,'2026-02-01','ACTIVE','2026-02-01 16:46:53'),(244,285,8,'2026-02-01','ACTIVE','2026-02-01 16:46:53'),(245,286,8,'2026-02-01','ACTIVE','2026-02-01 16:46:53'),(246,287,8,'2026-02-01','ACTIVE','2026-02-01 16:46:53'),(247,288,8,'2026-02-01','ACTIVE','2026-02-01 16:46:53'),(248,289,8,'2026-02-01','ACTIVE','2026-02-01 16:46:53'),(249,290,8,'2026-02-01','ACTIVE','2026-02-01 16:46:53'),(250,291,8,'2026-02-01','ACTIVE','2026-02-01 16:46:53'),(251,292,8,'2026-02-01','ACTIVE','2026-02-01 16:46:53'),(252,293,8,'2026-02-01','ACTIVE','2026-02-01 16:46:53'),(253,294,8,'2026-02-01','ACTIVE','2026-02-01 16:46:53'),(254,295,8,'2026-02-01','ACTIVE','2026-02-01 16:46:53'),(255,296,8,'2026-02-01','ACTIVE','2026-02-01 16:46:53'),(256,297,8,'2026-02-01','ACTIVE','2026-02-01 16:46:53'),(257,298,8,'2026-02-01','ACTIVE','2026-02-01 16:46:53'),(258,299,8,'2026-02-01','ACTIVE','2026-02-01 16:46:53'),(259,300,8,'2026-02-01','ACTIVE','2026-02-01 16:46:53'),(260,301,8,'2026-02-01','ACTIVE','2026-02-01 16:46:53'),(261,302,8,'2026-02-01','ACTIVE','2026-02-01 16:46:53'),(262,303,8,'2026-02-01','ACTIVE','2026-02-01 16:46:53'),(263,304,8,'2026-02-01','ACTIVE','2026-02-01 16:46:53'),(264,305,8,'2026-02-01','ACTIVE','2026-02-01 16:46:53'),(265,306,8,'2026-02-01','ACTIVE','2026-02-01 16:46:53'),(266,307,8,'2026-02-01','ACTIVE','2026-02-01 16:46:53'),(267,308,8,'2026-02-01','ACTIVE','2026-02-01 16:46:53'),(268,309,8,'2026-02-01','ACTIVE','2026-02-01 16:46:53'),(269,310,8,'2026-02-01','ACTIVE','2026-02-01 16:46:53'),(270,311,8,'2026-02-01','ACTIVE','2026-02-01 16:46:53'),(271,312,8,'2026-02-01','ACTIVE','2026-02-01 16:46:53'),(272,313,8,'2026-02-01','ACTIVE','2026-02-01 16:46:53'),(273,314,8,'2026-02-01','ACTIVE','2026-02-01 16:46:53'),(274,315,8,'2026-02-01','ACTIVE','2026-02-01 16:46:53'),(275,316,8,'2026-02-01','ACTIVE','2026-02-01 16:46:53'),(276,317,8,'2026-02-01','ACTIVE','2026-02-01 16:46:53'),(277,318,8,'2026-02-01','ACTIVE','2026-02-01 16:46:53'),(278,319,8,'2026-02-01','ACTIVE','2026-02-01 16:46:53'),(279,320,8,'2026-02-01','ACTIVE','2026-02-01 16:46:53'),(280,321,8,'2026-02-01','ACTIVE','2026-02-01 16:46:53'),(281,322,9,'2026-02-01','ACTIVE','2026-02-01 16:46:53'),(282,323,9,'2026-02-01','ACTIVE','2026-02-01 16:46:53'),(283,324,9,'2026-02-01','ACTIVE','2026-02-01 16:46:53'),(284,325,9,'2026-02-01','ACTIVE','2026-02-01 16:46:53'),(285,326,9,'2026-02-01','ACTIVE','2026-02-01 16:46:53'),(286,327,9,'2026-02-01','ACTIVE','2026-02-01 16:46:53'),(287,328,9,'2026-02-01','ACTIVE','2026-02-01 16:46:53'),(288,329,9,'2026-02-01','ACTIVE','2026-02-01 16:46:53'),(289,330,9,'2026-02-01','ACTIVE','2026-02-01 16:46:53'),(290,331,9,'2026-02-01','ACTIVE','2026-02-01 16:46:53'),(291,332,9,'2026-02-01','ACTIVE','2026-02-01 16:46:53'),(292,333,9,'2026-02-01','ACTIVE','2026-02-01 16:46:53'),(293,334,9,'2026-02-01','ACTIVE','2026-02-01 16:46:53'),(294,335,9,'2026-02-01','ACTIVE','2026-02-01 16:46:53'),(295,336,9,'2026-02-01','ACTIVE','2026-02-01 16:46:53'),(296,337,9,'2026-02-01','ACTIVE','2026-02-01 16:46:53'),(297,338,9,'2026-02-01','ACTIVE','2026-02-01 16:46:53'),(298,339,9,'2026-02-01','ACTIVE','2026-02-01 16:46:53'),(299,340,9,'2026-02-01','ACTIVE','2026-02-01 16:46:53'),(300,341,9,'2026-02-01','ACTIVE','2026-02-01 16:46:53'),(301,342,9,'2026-02-01','ACTIVE','2026-02-01 16:46:53'),(302,343,9,'2026-02-01','ACTIVE','2026-02-01 16:46:53'),(303,344,9,'2026-02-01','ACTIVE','2026-02-01 16:46:53'),(304,345,9,'2026-02-01','ACTIVE','2026-02-01 16:46:53'),(305,346,9,'2026-02-01','ACTIVE','2026-02-01 16:46:53'),(306,347,9,'2026-02-01','ACTIVE','2026-02-01 16:46:53'),(307,348,9,'2026-02-01','ACTIVE','2026-02-01 16:46:53'),(308,349,9,'2026-02-01','ACTIVE','2026-02-01 16:46:53'),(309,350,9,'2026-02-01','ACTIVE','2026-02-01 16:46:53'),(310,351,9,'2026-02-01','ACTIVE','2026-02-01 16:46:53'),(311,352,9,'2026-02-01','ACTIVE','2026-02-01 16:46:53'),(312,353,9,'2026-02-01','ACTIVE','2026-02-01 16:46:53'),(313,354,9,'2026-02-01','ACTIVE','2026-02-01 16:46:53'),(314,355,9,'2026-02-01','ACTIVE','2026-02-01 16:46:53'),(315,356,9,'2026-02-01','ACTIVE','2026-02-01 16:46:53'),(316,357,9,'2026-02-01','ACTIVE','2026-02-01 16:46:53'),(317,358,9,'2026-02-01','ACTIVE','2026-02-01 16:46:53'),(318,359,9,'2026-02-01','ACTIVE','2026-02-01 16:46:53'),(319,360,9,'2026-02-01','ACTIVE','2026-02-01 16:46:53'),(320,361,9,'2026-02-01','ACTIVE','2026-02-01 16:46:53'),(321,362,10,'2026-02-01','ACTIVE','2026-02-01 16:46:53'),(322,363,10,'2026-02-01','ACTIVE','2026-02-01 16:46:53'),(323,364,10,'2026-02-01','ACTIVE','2026-02-01 16:46:53'),(324,365,10,'2026-02-01','ACTIVE','2026-02-01 16:46:53'),(325,366,10,'2026-02-01','ACTIVE','2026-02-01 16:46:53'),(326,367,10,'2026-02-01','ACTIVE','2026-02-01 16:46:53'),(327,368,10,'2026-02-01','ACTIVE','2026-02-01 16:46:53'),(328,369,10,'2026-02-01','ACTIVE','2026-02-01 16:46:53'),(329,370,10,'2026-02-01','ACTIVE','2026-02-01 16:46:53'),(330,371,10,'2026-02-01','ACTIVE','2026-02-01 16:46:53'),(331,372,10,'2026-02-01','ACTIVE','2026-02-01 16:46:53'),(332,373,10,'2026-02-01','ACTIVE','2026-02-01 16:46:53'),(333,374,10,'2026-02-01','ACTIVE','2026-02-01 16:46:53'),(334,375,10,'2026-02-01','ACTIVE','2026-02-01 16:46:53'),(335,376,10,'2026-02-01','ACTIVE','2026-02-01 16:46:53'),(336,377,10,'2026-02-01','ACTIVE','2026-02-01 16:46:53'),(337,378,10,'2026-02-01','ACTIVE','2026-02-01 16:46:53'),(338,379,10,'2026-02-01','ACTIVE','2026-02-01 16:46:53'),(339,380,10,'2026-02-01','ACTIVE','2026-02-01 16:46:53'),(340,381,10,'2026-02-01','ACTIVE','2026-02-01 16:46:53'),(341,382,10,'2026-02-01','ACTIVE','2026-02-01 16:46:53'),(342,383,10,'2026-02-01','ACTIVE','2026-02-01 16:46:53'),(343,384,10,'2026-02-01','ACTIVE','2026-02-01 16:46:53'),(344,385,10,'2026-02-01','ACTIVE','2026-02-01 16:46:53'),(345,386,10,'2026-02-01','ACTIVE','2026-02-01 16:46:53'),(346,387,10,'2026-02-01','ACTIVE','2026-02-01 16:46:53'),(347,388,10,'2026-02-01','ACTIVE','2026-02-01 16:46:53'),(348,389,10,'2026-02-01','ACTIVE','2026-02-01 16:46:53'),(349,390,10,'2026-02-01','ACTIVE','2026-02-01 16:46:53'),(350,391,10,'2026-02-01','ACTIVE','2026-02-01 16:46:53'),(351,392,10,'2026-02-01','ACTIVE','2026-02-01 16:46:53'),(352,393,10,'2026-02-01','ACTIVE','2026-02-01 16:46:53'),(353,394,10,'2026-02-01','ACTIVE','2026-02-01 16:46:53'),(354,395,10,'2026-02-01','ACTIVE','2026-02-01 16:46:53'),(355,396,10,'2026-02-01','ACTIVE','2026-02-01 16:46:53'),(356,397,10,'2026-02-01','ACTIVE','2026-02-01 16:46:53'),(357,398,10,'2026-02-01','ACTIVE','2026-02-01 16:46:53'),(358,399,10,'2026-02-01','ACTIVE','2026-02-01 16:46:53'),(359,400,10,'2026-02-01','ACTIVE','2026-02-01 16:46:53'),(360,401,10,'2026-02-01','ACTIVE','2026-02-01 16:46:53'),(361,402,11,'2026-02-01','ACTIVE','2026-02-01 16:46:53'),(362,403,11,'2026-02-01','ACTIVE','2026-02-01 16:46:53'),(363,404,11,'2026-02-01','ACTIVE','2026-02-01 16:46:53'),(364,405,11,'2026-02-01','ACTIVE','2026-02-01 16:46:53'),(365,406,11,'2026-02-01','ACTIVE','2026-02-01 16:46:53'),(366,407,11,'2026-02-01','ACTIVE','2026-02-01 16:46:53'),(367,408,11,'2026-02-01','ACTIVE','2026-02-01 16:46:53'),(368,409,11,'2026-02-01','ACTIVE','2026-02-01 16:46:53'),(369,410,11,'2026-02-01','ACTIVE','2026-02-01 16:46:53'),(370,411,11,'2026-02-01','ACTIVE','2026-02-01 16:46:53'),(371,412,11,'2026-02-01','ACTIVE','2026-02-01 16:46:53'),(372,413,11,'2026-02-01','ACTIVE','2026-02-01 16:46:53'),(373,414,11,'2026-02-01','ACTIVE','2026-02-01 16:46:53'),(374,415,11,'2026-02-01','ACTIVE','2026-02-01 16:46:53'),(375,416,11,'2026-02-01','ACTIVE','2026-02-01 16:46:53'),(376,417,11,'2026-02-01','ACTIVE','2026-02-01 16:46:53'),(377,418,11,'2026-02-01','ACTIVE','2026-02-01 16:46:53'),(378,419,11,'2026-02-01','ACTIVE','2026-02-01 16:46:53'),(379,420,11,'2026-02-01','ACTIVE','2026-02-01 16:46:53'),(380,421,11,'2026-02-01','ACTIVE','2026-02-01 16:46:53'),(381,422,11,'2026-02-01','ACTIVE','2026-02-01 16:46:53'),(382,423,11,'2026-02-01','ACTIVE','2026-02-01 16:46:53'),(383,424,11,'2026-02-01','ACTIVE','2026-02-01 16:46:53'),(384,425,11,'2026-02-01','ACTIVE','2026-02-01 16:46:53'),(385,426,11,'2026-02-01','ACTIVE','2026-02-01 16:46:53'),(386,427,11,'2026-02-01','ACTIVE','2026-02-01 16:46:53'),(387,428,11,'2026-02-01','ACTIVE','2026-02-01 16:46:53'),(388,429,11,'2026-02-01','ACTIVE','2026-02-01 16:46:53'),(389,430,11,'2026-02-01','ACTIVE','2026-02-01 16:46:53'),(390,431,11,'2026-02-01','ACTIVE','2026-02-01 16:46:53'),(391,432,11,'2026-02-01','ACTIVE','2026-02-01 16:46:53'),(392,433,11,'2026-02-01','ACTIVE','2026-02-01 16:46:53'),(393,434,11,'2026-02-01','ACTIVE','2026-02-01 16:46:53'),(394,435,11,'2026-02-01','ACTIVE','2026-02-01 16:46:53'),(395,436,11,'2026-02-01','ACTIVE','2026-02-01 16:46:53'),(396,437,11,'2026-02-01','ACTIVE','2026-02-01 16:46:53'),(397,438,11,'2026-02-01','ACTIVE','2026-02-01 16:46:53'),(398,439,11,'2026-02-01','ACTIVE','2026-02-01 16:46:53'),(399,440,11,'2026-02-01','ACTIVE','2026-02-01 16:46:53'),(400,441,11,'2026-02-01','ACTIVE','2026-02-01 16:46:53'),(401,442,12,'2026-02-01','ACTIVE','2026-02-01 16:46:53'),(402,443,12,'2026-02-01','ACTIVE','2026-02-01 16:46:53'),(403,444,12,'2026-02-01','ACTIVE','2026-02-01 16:46:53'),(404,445,12,'2026-02-01','ACTIVE','2026-02-01 16:46:53'),(405,446,12,'2026-02-01','ACTIVE','2026-02-01 16:46:53'),(406,447,12,'2026-02-01','ACTIVE','2026-02-01 16:46:53'),(407,448,12,'2026-02-01','ACTIVE','2026-02-01 16:46:53'),(408,449,12,'2026-02-01','ACTIVE','2026-02-01 16:46:53'),(409,450,12,'2026-02-01','ACTIVE','2026-02-01 16:46:53'),(410,451,12,'2026-02-01','ACTIVE','2026-02-01 16:46:53'),(411,452,12,'2026-02-01','ACTIVE','2026-02-01 16:46:53'),(412,453,12,'2026-02-01','ACTIVE','2026-02-01 16:46:53'),(413,454,12,'2026-02-01','ACTIVE','2026-02-01 16:46:53'),(414,455,12,'2026-02-01','ACTIVE','2026-02-01 16:46:53'),(415,456,12,'2026-02-01','ACTIVE','2026-02-01 16:46:53'),(416,457,12,'2026-02-01','ACTIVE','2026-02-01 16:46:53'),(417,458,12,'2026-02-01','ACTIVE','2026-02-01 16:46:53'),(418,459,12,'2026-02-01','ACTIVE','2026-02-01 16:46:53'),(419,460,12,'2026-02-01','ACTIVE','2026-02-01 16:46:53'),(420,461,12,'2026-02-01','ACTIVE','2026-02-01 16:46:53'),(421,462,12,'2026-02-01','ACTIVE','2026-02-01 16:46:53'),(422,463,12,'2026-02-01','ACTIVE','2026-02-01 16:46:53'),(423,464,12,'2026-02-01','ACTIVE','2026-02-01 16:46:53'),(424,465,12,'2026-02-01','ACTIVE','2026-02-01 16:46:53'),(425,466,12,'2026-02-01','ACTIVE','2026-02-01 16:46:53'),(426,467,12,'2026-02-01','ACTIVE','2026-02-01 16:46:53'),(427,468,12,'2026-02-01','ACTIVE','2026-02-01 16:46:53'),(428,469,12,'2026-02-01','ACTIVE','2026-02-01 16:46:53'),(429,470,12,'2026-02-01','ACTIVE','2026-02-01 16:46:53'),(430,471,12,'2026-02-01','ACTIVE','2026-02-01 16:46:53'),(431,472,12,'2026-02-01','ACTIVE','2026-02-01 16:46:53'),(432,473,12,'2026-02-01','ACTIVE','2026-02-01 16:46:53'),(433,474,12,'2026-02-01','ACTIVE','2026-02-01 16:46:53'),(434,475,12,'2026-02-01','ACTIVE','2026-02-01 16:46:53'),(435,476,12,'2026-02-01','ACTIVE','2026-02-01 16:46:53'),(436,477,12,'2026-02-01','ACTIVE','2026-02-01 16:46:53'),(437,478,12,'2026-02-01','ACTIVE','2026-02-01 16:46:53'),(438,479,12,'2026-02-01','ACTIVE','2026-02-01 16:46:53'),(439,480,12,'2026-02-01','ACTIVE','2026-02-01 16:46:53'),(440,481,12,'2026-02-01','ACTIVE','2026-02-01 16:46:53');
/*!40000 ALTER TABLE `student_enrollments` ENABLE KEYS */;
UNLOCK TABLES;

--
-- Table structure for table `subjects`
--

DROP TABLE IF EXISTS `subjects`;
/*!40101 SET @saved_cs_client     = @@character_set_client */;
/*!50503 SET character_set_client = utf8mb4 */;
CREATE TABLE `subjects` (
  `subject_id` bigint NOT NULL AUTO_INCREMENT,
  `subject_code` varchar(50) NOT NULL,
  `subject_name` varchar(200) NOT NULL,
  `created_at` timestamp NOT NULL DEFAULT CURRENT_TIMESTAMP,
  `updated_at` timestamp NOT NULL DEFAULT CURRENT_TIMESTAMP ON UPDATE CURRENT_TIMESTAMP,
  PRIMARY KEY (`subject_id`),
  UNIQUE KEY `uq_subject_code` (`subject_code`),
  KEY `idx_subject_code` (`subject_code`)
) ENGINE=InnoDB AUTO_INCREMENT=49 DEFAULT CHARSET=utf8mb4 COLLATE=utf8mb4_0900_ai_ci;
/*!40101 SET character_set_client = @saved_cs_client */;

--
-- Dumping data for table `subjects`
--

LOCK TABLES `subjects` WRITE;
/*!40000 ALTER TABLE `subjects` DISABLE KEYS */;
INSERT INTO `subjects` VALUES (1,'DAC01','Concepts of Operating Systems and Software development methodologies','2026-02-01 16:40:49','2026-02-01 16:40:49'),(2,'DAC02','C++ Programming','2026-02-01 16:40:49','2026-02-01 16:40:49'),(3,'DAC03','Database Technologies','2026-02-01 16:40:49','2026-02-01 16:40:49'),(4,'DAC04','Object-Oriented Programming with Java','2026-02-01 16:40:49','2026-02-01 16:40:49'),(5,'DAC05','Data Structures & Algorithms','2026-02-01 16:40:49','2026-02-01 16:40:49'),(6,'DAC06','Web Programming Technologies','2026-02-01 16:40:49','2026-02-01 16:40:49'),(7,'DAC07','Web Based Java','2026-02-01 16:40:49','2026-02-01 16:40:49'),(8,'DAC08','Microsoft DotNet Technology','2026-02-01 16:40:49','2026-02-01 16:40:49'),(9,'DBDA01','Linux Programming','2026-02-01 16:40:49','2026-02-01 16:40:49'),(10,'DBDA02','Data collection and DBMS','2026-02-01 16:40:49','2026-02-01 16:40:49'),(11,'DBDA03','Python and R Programming','2026-02-01 16:40:49','2026-02-01 16:40:49'),(12,'DBDA04','Java Programming','2026-02-01 16:40:49','2026-02-01 16:40:49'),(13,'DBDA05','Big Data Technologies','2026-02-01 16:40:49','2026-02-01 16:40:49'),(14,'DBDA06','Advanced Analysis using Statistics','2026-02-01 16:40:49','2026-02-01 16:40:49'),(15,'DBDA07','Practical Machine Learning','2026-02-01 16:40:49','2026-02-01 16:40:49'),(16,'DBDA08','Data Visualization','2026-02-01 16:40:49','2026-02-01 16:40:49'),(17,'DAI01','Fundamentals of Artificial Intelligence','2026-02-01 16:40:49','2026-02-01 16:40:49'),(18,'DAI02','Java Programming','2026-02-01 16:40:49','2026-02-01 16:40:49'),(19,'DAI03','Advanced Programming using Python','2026-02-01 16:40:49','2026-02-01 16:40:49'),(20,'DAI04','Data Analytics','2026-02-01 16:40:49','2026-02-01 16:40:49'),(21,'DAI05','Practical Machine Learning','2026-02-01 16:40:49','2026-02-01 16:40:49'),(22,'DAI06','Deep Neural Networks','2026-02-01 16:40:49','2026-02-01 16:40:49'),(23,'DAI07','Natural Language Processing and Computer Vision','2026-02-01 16:40:49','2026-02-01 16:40:49'),(24,'DAI08','AI Compute Platforms, Applications & Trends','2026-02-01 16:40:49','2026-02-01 16:40:49'),(25,'DESD01','Embedded C Programming','2026-02-01 16:40:49','2026-02-01 16:40:49'),(26,'DESD02','Data Structures and Algorithms','2026-02-01 16:40:49','2026-02-01 16:40:49'),(27,'DESD03','Microcontroller Programming and Interfacing','2026-02-01 16:40:49','2026-02-01 16:40:49'),(28,'DESD04','Embedded Operating Systems','2026-02-01 16:40:49','2026-02-01 16:40:49'),(29,'DESD05','Embedded Device Driver','2026-02-01 16:40:49','2026-02-01 16:40:49'),(30,'DESD06','Real-time Operating Systems','2026-02-01 16:40:49','2026-02-01 16:40:49'),(31,'DESD07','Internet of Things','2026-02-01 16:40:49','2026-02-01 16:40:49'),(32,'DITISS01','Fundamentals of Computer Networks','2026-02-01 16:40:49','2026-02-01 16:40:49'),(33,'DITISS02','Programming Concepts','2026-02-01 16:40:49','2026-02-01 16:40:49'),(34,'DITISS03','Concepts of Operating System and Administration','2026-02-01 16:40:49','2026-02-01 16:40:49'),(35,'DITISS04','Network Defence and Countermeasures (NDC)','2026-02-01 16:40:49','2026-02-01 16:40:49'),(36,'DITISS05','Compliance Audit','2026-02-01 16:40:49','2026-02-01 16:40:49'),(37,'DITISS06','Security Concepts','2026-02-01 16:40:49','2026-02-01 16:40:49'),(38,'DITISS07','Cyber Forensics','2026-02-01 16:40:49','2026-02-01 16:40:49'),(39,'DITISS08','Public Key Infrastructure','2026-02-01 16:40:49','2026-02-01 16:40:49'),(40,'DITISS09','IT Infrastructure Management & DevOps','2026-02-01 16:40:49','2026-02-01 16:40:49'),(41,'DVLSI01','Advanced Digital Design','2026-02-01 16:40:49','2026-02-01 16:40:49'),(42,'DVLSI02','System Architecture','2026-02-01 16:40:49','2026-02-01 16:40:49'),(43,'DVLSI03','Verilog HDL','2026-02-01 16:40:49','2026-02-01 16:40:49'),(44,'DVLSI04','HDL Simulation and Synthesis','2026-02-01 16:40:49','2026-02-01 16:40:49'),(45,'DVLSI05','System Verilog','2026-02-01 16:40:49','2026-02-01 16:40:49'),(46,'DVLSI06','Verification using UVM','2026-02-01 16:40:49','2026-02-01 16:40:49'),(47,'DVLSI07','Programming Fundamentals for Design and Verification','2026-02-01 16:40:49','2026-02-01 16:40:49'),(48,'DVLSI08','CMOS VLSI and Aspects of ASIC Design','2026-02-01 16:40:49','2026-02-01 16:40:49');
/*!40000 ALTER TABLE `subjects` ENABLE KEYS */;
UNLOCK TABLES;

--
-- Dumping events for database 'academic_db'
--

--
-- Dumping routines for database 'academic_db'
--
/*!40103 SET TIME_ZONE=@OLD_TIME_ZONE */;

/*!40101 SET SQL_MODE=@OLD_SQL_MODE */;
/*!40014 SET FOREIGN_KEY_CHECKS=@OLD_FOREIGN_KEY_CHECKS */;
/*!40014 SET UNIQUE_CHECKS=@OLD_UNIQUE_CHECKS */;
/*!40101 SET CHARACTER_SET_CLIENT=@OLD_CHARACTER_SET_CLIENT */;
/*!40101 SET CHARACTER_SET_RESULTS=@OLD_CHARACTER_SET_RESULTS */;
/*!40101 SET COLLATION_CONNECTION=@OLD_COLLATION_CONNECTION */;
/*!40111 SET SQL_NOTES=@OLD_SQL_NOTES */;

-- Dump completed on 2026-02-02  0:48:05
